{
    "eight": {
        "1": -0.8099998898005727,
        "2": -0.8099999533231242,
        "3": 0.8999999999999998
    },
    "five": {
        "1": -0.8999999960690185,
        "2": -0.8999999964322491,
        "3": -0.8999999968624884
    },
    "four": {
        "1": -0.8999999669517913,
        "2": -0.8999999743604832,
        "3": 0.9999999999999999
    },
    "one": {
        "1": -0.9999999999999999
    },
    "seven": {
        "1": -0.8099998715465175,
        "2": 0.8999999999999998,
        "3": -0.8999999956966004
    },
    "six": {
        "1": 0.8999999999999998,
        "2": -0.899999998504037,
        "3": -0.8999999996039467
    },
    "three": {
        "1": -0.8999999768768566,
        "2": 0.9999999999999999,
        "3": -0.9999999743076422
    },
    "two": {
        "1": 0.9999999999999999,
        "2": -0.9999999999999767
    }
}