{
    "eight": {
        "1": -0.8099999999999737,
        "2": -0.8099999999999997,
        "3": 0.8999999999999998
    },
    "five": {
        "1": -0.8999999999999998,
        "2": -0.8999999999999998,
        "3": -0.8999999999999998
    },
    "four": {
        "1": -0.8999999999999988,
        "2": -0.899999999999996,
        "3": 0.9999999999999999
    },
    "one": {
        "1": -0.9999999999999999
    },
    "seven": {
        "1": -0.8099999999999957,
        "2": 0.8999999999999998,
        "3": -0.8999999999999998
    },
    "six": {
        "1": 0.8999999999999998,
        "2": -0.8999999999999998,
        "3": -0.8999999999999998
    },
    "three": {
        "1": -0.8999999999999988,
        "2": 0.9999999999999999,
        "3": -0.9999999999999993
    },
    "two": {
        "1": 0.9999999999999999,
        "2": -0.9999999999999999
    }
}