{
    "eight": {
        "1": 0.0,
        "2": 0.0,
        "3": 0.8994366155864971
    },
    "five": {
        "1": -0.26237316827699997,
        "2": -0.205173,
        "3": -0.23823476999999998
    },
    "four": {
        "1": -0.267383996719011,
        "2": -0.26466121779389995,
        "3": 0.9998084187686195
    },
    "one": {
        "1": -0.995252438490057
    },
    "seven": {
        "1": 0,
        "2": 0.8988628162661294,
        "3": -0.37193733900000003
    },
    "six": {
        "1": 0.899182584014175,
        "2": -0.3210111,
        "3": -0.6092970122162187
    },
    "three": {
        "1": -0.2544350373,
        "2": 0.9999981437884079,
        "3": -0.3
    },
    "two": {
        "1": 0.9996090178951418,
        "2": -0.3
    }
}