{
    "eight": {
        "1": -0.08892342,
        "2": -0.02187,
        "3": 0.8993567585945463
    },
    "five": {
        "1": -0.4650935677033078,
        "2": -0.3888342177939,
        "3": -0.411005096719011
    },
    "four": {
        "1": 0,
        "2": -0.26237316827699997,
        "3": 0.9999540013463455
    },
    "one": {
        "1": -0.995252438490057
    },
    "seven": {
        "1": -0.07595669700000002,
        "2": 0.898881062278272,
        "3": -0.36265285245573
    },
    "six": {
        "1": 0.898948330880316,
        "2": -0.23823476999999998,
        "3": -0.55861357833
    },
    "three": {
        "1": 0,
        "2": 0.9992020773370239,
        "3": 0
    },
    "two": {
        "1": 0.9999922690062802,
        "2": -0.7599
    }
}