{
    "1": {
        "1": -0.9999999999999999
    },
    "2": {
        "1": 0.9999999999999999,
        "2": -0.9802267325699999
    },
    "3": {
        "1": -0.4589957400627865,
        "2": 0.9999999999999944,
        "3": -0.9176457
    },
    "4": {
        "1": -0.6838846529867151,
        "2": -0.5912992840326716,
        "3": 0.9999999999999999
    },
    "5": {
        "1": -0.8999998961680965,
        "2": -0.8999998760890363,
        "3": -0.8999998598836073
    },
    "6": {
        "1": 0.8999999999999423,
        "2": -0.8745761899463812,
        "3": -0.6838975803555684
    },
    "7": {
        "1": -0.6130780326598458,
        "2": 0.8999999999999692,
        "3": -0.8481080683368031
    },
    "8": {
        "1": -0.7142054874068281,
        "2": -0.7078579259002726,
        "3": 0.899999999999862
    },
    "9": {
        "1": -0.8099791027509182,
        "2": -0.8099816107119608,
        "3": -0.8099755151653689
    },
    "10": {
        "1": 0.8099999999995355,
        "2": -0.7367734983812644,
        "3": -0.49082160056539564
    },
    "11": {
        "1": -0.6296699127509439,
        "2": 0.8099999999997786,
        "3": -0.6246702149045036
    },
    "12": {
        "1": -0.3767683211426378,
        "2": -0.6835435591035934,
        "3": 0.8099999999988688
    },
    "13": {
        "1": -0.7254509892395591,
        "2": -0.7256592119685348,
        "3": -0.7261262754856049
    },
    "14": {
        "1": 0.7289999999975159,
        "2": -0.6368480278279729,
        "3": -0.4788036781511336
    },
    "15": {
        "1": -0.47172474640605544,
        "2": 0.7289999999980666,
        "3": -0.683377854380203
    },
    "16": {
        "1": -0.3919513901806738,
        "2": -0.5768397611052691,
        "3": 0.7289999999974048
    },
    "17": {
        "1": -0.5311501816791708,
        "2": -0.5072057221688832,
        "3": -0.4899515252534073
    },
    "18": {
        "1": 0.6560999999920829,
        "2": -0.5864554432244878,
        "3": -0.37896518609649815
    },
    "19": {
        "1": -0.2409969372625249,
        "2": 0.6560999999943921,
        "3": -0.5052881392990498
    },
    "20": {
        "1": -0.21864443083473456,
        "2": -0.2601631477165053,
        "3": 0.6560999999937779
    }
}